variant_number,mean,median
0,19.337660053111417,5.0
1,23.526293788144805,7.0
